??? Akshatha <akshucs4@gmail.com>
??? Frazborn <af102813@ohio.edu>
??? Kdyer <kdyer@pio.carrollu.edu>
??? Nbr23 <imagej@23.tf>
??? Samuelwn <matrix61312+IJ@gmail.com>
Aidan O'Mara <omaraa@utas.edu.au>
Alexander Krolick <amk283@cornell.edu>
Alison Kozol <akozol@broadinstitute.org>
Alison Walter <awalter2@wisc.edu>
Alvin Park <alvinpark02@gmail.com>
Andrew McCall <amccall@buffalo.edu>
Andrew McCall <amccall@buffalo.edu> <56968719+andmccall@users.noreply.github.com>
Andrew Valente <valentaj94@gmail.com>
Anthony Sinadinos <Anthony.Sinadinos@gmail.com>
Anthony Sinadinos <Anthony.Sinadinos@gmail.com> <anthony.sinadinos@gmail.com>
Aparna Pal <apal4@wisc.edu>
Ard Jonker <ard.jonker@xs4all.nl>
Artur Yakimovich <artur.yakimovich@gmail.com>
Bart Aromando <bart@aromandocomputers.com>
Beat Münch <beat.muench@empa.ch>
Benjamin Nanes <bnanes@gmail.com>
Benjamin Pavie <benjamin.pavie@irc.ugent.be>
Benoit Aigouy <baigouy@gmail.com> <scientifig@gmail.com>
Benoit Lombardot <lombardo@mpi-cbg.de> <benoit.lombardot@gmail.com>
Bill Day <vanilla@chem.duke.edu>
Bio-Formats <bf-imagej@imagej.net> <bf5-imagej@imagej.net>
Blair Rossetti <blair.rossetti@oberlin.edu>
Blair Rossetti <blair.rossetti@oberlin.edu> <rossettib@hhmi.org>
Brenton Cavanagh <brentoncavanagh@rcsi.ie> <32094152+BrentonCavanagh@users.noreply.github.com>
Chad Vezina <chad.vezina@wisc.edu>
Christian Tischer <tischitischer@gmail.com> <christian.tischer@embl.de>
Christopher Schmied <schmied@mpi-cbg.de> <10744409+schmiedc@users.noreply.github.com>
Christopher Schmied <schmied@mpi-cbg.de> <christopher.schmied@gmail.com>
Cornelius Sicker <cornelius.sicker@googlemail.com> <cornelius.sicker@web.de>
Cyril Turiés <cyril.turies@ineris.fr>
Cyril Turiés <cyril.turies@ineris.fr> <cyrilturies@yahoo.fr>
Dan White <dan@chalkie.org.uk>
David Hoerl <hoerldavid@gmail.com> <davidhoerl@icloud.com>
David Pinto <carandraug+dev@gmail.com>
Deborah Schmidt <mail@frauzufall.de>
Denis Baručić <barucden@fel.cvut.cz>
Dimiter Prodanov <dimiterpp@gmail.com>
Dominique Benielli <dominique.benielli@univ-amu.fr>
Dylan Jeonghwan Son <jeonghwan.son@stonybrook.edu>
Edward Evans <elevans2@wisc.edu> <echnoviru@gmail.com>
Elise Laruelle <elise.laruelle@gmail.com>
Ellen TA Dobson <ellen.dobson@wisc.edu> <arenaellen@gmail.com>
Elliott Magnuson <ecmagnuson@wisc.edu> <90117617+ecmagnuson@users.noreply.github.com>
Erik Meijering <meijering@imagescience.org>
Felipe Aas <felipe.mcgill@gmail.com>
Felix Meyenhofer <f.meyenhofer@me.com>
Florian Jug <jug@mpi-cbg.de>
Gabriel Landini <G.Landini@bham.ac.uk> <landinig@users.noreply.github.com>
Gabriel Landini <landinig@users.noreply.github.com>
Gavin Price <junkshops@gmail.com>
Gebhard Stopper <gebhard.stopper@uks.eu>
George Campbell <geobellward@gmail.com>
Hadrien Mary <marelo64@gmail.com>
Hongkee Moon <moon@mpi-cbg.de>
IMB Microscopy <microscopes@imb.uq.edu.au>
ImageJ Admin <imagej-admin@imagej.net>
Ivan Gonzalez Torre <ivangonzaleztorre@gmail.com>
Jan Brocher <jan.brocher@biovoxxel.de> <biovoxxel@users.noreply.github.com>
Jan Eglinger <jan.eglinger@fmi.ch> <jan.eglinger@gmail.com>
Jan Kozusznik <jan.kozusznik@vsb.cz> <registrace@kozusznik.cz>
Jan Kozusznik <jan.kozusznik@vsb.cz> <scijava-parallel@kozusznik.cz>
Jean-Yves Tinevez <tinevez@pasteur.fr>
Jean-Yves Tinevez <tinevez@pasteur.fr> <jean-yves.tinevez@pasteur.fr>
Jean-Yves Tinevez <tinevez@pasteur.fr> <jeanyves.tinevez@gmail.com>
Jerome Mutterer <jerome.mutterer@gmail.com>
Jerome Mutterer <jerome.mutterer@gmail.com> <jerome.mutterer@ibmp.fr>
Jerome Mutterer <jerome.mutterer@gmail.com> <mutterer@ibmp.fr>
Joe Napoli <joe.napoli.dev@gmail.com>
Johannes Schindelin <johannes.schindelin@gmx.de> <dscho@fiji.sc>
John Bogovic <bogovicj@janelia.hhmi.org>
John Bogovic <bogovicj@janelia.hhmi.org> <bogovic@gmail.com>
John Bogovic <bogovicj@janelia.hhmi.org> <bogovicj@users.noreply.github.com>
Jonathan Heras <jonathan.heras@unirioja.es>
Jonathan Heras <jonathan.heras@unirioja.es> <joheras@gmail.com>
Joran Deschamps <joran.deschamps@fht.org> <6367888+jdeschamps@users.noreply.github.com>
Josh Moore <josh@glencoesoftware.com>
Josh Moore <josh@glencoesoftware.com> <j.a.moore@dundee.ac.uk>
Karl Bellve <Karl.Bellve@gmail.com>
Karl Duderstadt <duderstadt@biochem.mpg.de>
Kees Straatman <krs5@le.ac.uk>
Kota Miura <miura@embl.de> <272781+miura@users.noreply.github.com>
Kota Miura <miura@embl.de> <kotamiura@googlemail.com>
Kristen Roberts <KristenMRoberts@outlook.com>
Kyle Harrington <Kyle.Harrington@mdc-berlin.de> <kephale00@gmail.com>
Kyle Harrington <Kyle.Harrington@mdc-berlin.de> <kephale@users.noreply.github.com>
Kyle Harrington <Kyle.Harrington@mdc-berlin.de> <kharrin3@bidmc.harvard.edu>
Kyle Harrington <Kyle.Harrington@mdc-berlin.de> <kharrington@uidaho.edu>
Laurent Guerard <laurent.guerard@unibas.ch> <l.guerard42@gmail.com>
Laurent Thomas <l.thomas@acquifer.de> <laurent132.thomas@laposte.net>
Louise Bloch <louise.bloch001@stud.fh-dortmund.de>
Manel Bosch <mbosch@ccit.ub.edu>
Manuel Schoelling <manuel.schoelling@dzne.de>
Marco Tarasco <marcotar90@gmail.com>
Mark Hiner <hinerm@gmail.com>
Mark Hiner <hinerm@gmail.com> <hiner@wisc.edu>
Mark Kittisopikul <kittisopikulm@janelia.hhmi.org> <mark.kittisopikul@northwestern.edu>
Mark Kittisopikul <kittisopikulm@janelia.hhmi.org> <mkitti@users.noreply.github.com>
Mark Koten <mark.koten@gmail.com>
Mark Tsuchida <matsuchida@wisc.edu>
Martin Capek <martin.capek@img.cas.cz>
Martin Ovesny <zitmen@gmail.com>
Martin Weigert <marweigert@gmail.com> <maweigert@users.noreply.github.com>
Marwan Zouinkhi <marwan.zouinkhi@gmail.com>
Matthew Ritch <mritch3@gatech.edu>
Matthew Rothman <crosssectionalanalyzer@gmail.com>
Maxime Woringer <maxime.woringer@berkeley.edu>
Maximilian Stocker <maximilian.stocker@me.com>
Mette Handberg-Thorsager <handberg@mpi-cbg.de>
Michael S. Nelson <imagescientistwebsite@gmail.com>
Michael Schmid <schmid@iap.tuwien.ac.at>
Mikel Ariz <umi@unav.es>
Neil Cronin <neiljcronin@hotmail.com>
Nicolas Chiaruttini <nicolas.chiaruttini@epfl.ch> <limesegmentation@gmail.com>
Nicolas Chiaruttini <nicolas.chiaruttini@epfl.ch> <nicolas.chiaruttini@gmail.com>
Nissan Pow <nissan.pow@gmail.com>
Ole Ostergaard <ole.ostergaard@uni-konstanz.de>
Olympus-ImageJ plugin <Olympus-Imagejplugin@ot.olympus.co.jp>
Pascal Pinter <pascal.pinter@kit.edu>
Paul Albee <paula@allenai.org> <544315+palbee@users.noreply.github.com>
Paula Sampaio <sampaio@ibmc.up.pt>
Pedro Gomez-Galvez <pgomez-ibis@us.es>
Quinshell Smith <qmsmith@ualr.edu>
Robert Haase <robert.haase@tu-dresden.de> <haesleinhuepf@users.noreply.github.com>
Robert Haase <robert.haase@tu-dresden.de> <rhaase@mpi-cbg.de>
Romain Fernandez <romainfernandez06@gmail.com>
Romain Guiet <guiet.romain@gmail.com>
Rory Nolan <rorynoolan@gmail.com>
Sam Inverso <sinverso@gmail.com>
Samuel Yang <samuely@google.com>
Sedigheh Pirsalami <Sedigheh.pirsalami@gmail.com>
So Wieso <sowieso@dukun.de>
Spam <spam> <crisbond25@gmail.com>
Spam <spam> <divoticom@gmail.com>
Spam <spam> <farizigardito@92jrkl.tk>
Spam <spam> <freetrashbox@gmail.com>
Spam <spam> <ghostrifles01@zohomail.in>
Spam <spam> <jackspraw77@gmail.com>
Spam <spam> <modernresolutionwindows@yandex.com>
Spam <spam> <rhinoexhaust0@gmail.com>
Spam <spam> <saddamhusain77@gmail.com>
Spam <spam> <spam@spam.spam>
Spam <spam> <spoon.reloaded@gmail.com>
Spam <spam> <wjack8491@gmail.com>
Stephan Gerhard <connectome@unidesign.ch>
Stephan Preibisch <stephan.preibisch@mdc-berlin.de>
Stephan Preibisch <stephan.preibisch@mdc-berlin.de> <preibisch@mpi-cbg.de>
Stephan Saalfeld <saalfelds@hhmi.org> <saalfelds@janelia.hhmi.org>
Thomas Boudier <mcib3d@users.noreply.github.com>
Thomas Boudier <thomas.boudier@upmc.fr> <mcib3d@users.noreply.github.com>
Thomas Vuillaume <thomas.vuillaume@gmail.com>
Thorsten Wagner <wagner@biomedical-imaging.de> <thotho@posteo.de>
Tiago Ferreira <tiago.tferr@gmail.com> <tiagoalvespedrosa@gmail.com>
Tobias Pietzsch <tobias.pietzsch@gmail.com>
Tobias Pietzsch <tobias.pietzsch@gmail.com> <pietzsch@mpi-cbg.de>
Uwe Schmidt <imagej@uweschmidt.org> <uschmidt83@users.noreply.github.com>
Varun Kapoor <kapoorconsciousness@gmail.com> <varun.kapoor@curie.fr>
Vitor Vaz da Silva <vsilva@deetc.isel.ipl.pt>
Wayne Rasband <rasband@gmail.com>
Weisong Zhao <zhaoweisong950713@163.com>
Wout van Helvoirt <wout.van.helvoirt@gmail.com>
Xu Xiaochun <xuxiaochun27@gmail.com>
Yaman al-Yousof <yousof.sy@gmail.com>
Yili Zhao <panovr@gmail.com>
Zhou Xu <x.zhou@hotmail.com>
